<?xml version="1.0"?>
<doc>
    <assembly>
        <name>DevExpress.XtraDiagram.v16.1</name>
    </assembly>
    <members>
        <member name="T:DevExpress.XtraDiagram.DiagramShape">

            <summary>
                <para>Displays a shape on the diagram canvas.
</para>
            </summary>

        </member>
        <member name="M:DevExpress.XtraDiagram.DiagramShape.#ctor">
            <summary>
                <para>Initializes a new instance of the DiagramShape class.
</para>
            </summary>


        </member>
        <member name="M:DevExpress.XtraDiagram.DiagramShape.#ctor(DevExpress.Diagram.Core.ShapeDescription)">
            <summary>
                <para>Initializes a new instance of the DiagramShape class with the specified settings.
</para>
            </summary>
            <param name="shape">
		The shape kind. This object is used to initialize the <see cref="P:DevExpress.XtraDiagram.DiagramShape.Shape"/> property.

            </param>


        </member>
        <member name="M:DevExpress.XtraDiagram.DiagramShape.#ctor(DevExpress.Diagram.Core.ShapeDescription,System.Single,System.Single,System.Single,System.Single,System.String)">
            <summary>
                <para>Initializes a new instance of the DiagramShape class with the specified settings.
</para>
            </summary>
            <param name="shape">
		The shape kind. This object is used to initialize the <see cref="P:DevExpress.XtraDiagram.DiagramShape.Shape"/> property. 

            </param>
            <param name="x">
		The horizontal coordinate of the shape's upper left corner.

            </param>
            <param name="y">
		The vertical coordinate of the shape's upper left corner.

            </param>
            <param name="width">
		The width of the shape.

            </param>
            <param name="height">
		The height of the shape.

            </param>
            <param name="content">
		The text displayed within the shape.

            </param>


        </member>
        <member name="M:DevExpress.XtraDiagram.DiagramShape.#ctor(DevExpress.Diagram.Core.ShapeDescription,System.Drawing.RectangleF,System.String)">
            <summary>
                <para>Initializes a new instance of the DiagramShape class with the specified settings.
</para>
            </summary>
            <param name="shape">
		The shape kind. This object is used to initialize the <see cref="P:DevExpress.XtraDiagram.DiagramShape.Shape"/> property. 

            </param>
            <param name="bounds">
		A <see cref="T:System.Drawing.RectangleF"/> object that represents the shape bounds.

            </param>
            <param name="content">
		The text displayed within the shape.

            </param>


        </member>
        <member name="M:DevExpress.XtraDiagram.DiagramShape.#ctor(DevExpress.Diagram.Core.ShapeDescription,System.Single,System.Single,System.Single,System.Single)">
            <summary>
                <para>Initializes a new instance of the DiagramShape class with the specified settings.
</para>
            </summary>
            <param name="shape">
		The shape kind. This object is used to initialize the <see cref="P:DevExpress.XtraDiagram.DiagramShape.Shape"/> property.

            </param>
            <param name="x">
		The horizontal coordinate of the shape's upper left corner.

            </param>
            <param name="y">
		The vertical coordinate of the shape's upper left corner.

            </param>
            <param name="width">
		The width of the shape.

            </param>
            <param name="height">
		The height of the shape.

            </param>


        </member>
        <member name="M:DevExpress.XtraDiagram.DiagramShape.#ctor(DevExpress.Diagram.Core.ShapeDescription,System.Drawing.RectangleF)">
            <summary>
                <para>Initializes a new instance of the DiagramShape class with the specified settings.
</para>
            </summary>
            <param name="shape">
		The shape kind. This object is used to initialize the <see cref="P:DevExpress.XtraDiagram.DiagramShape.Shape"/> property. 

            </param>
            <param name="bounds">
		A <see cref="T:System.Drawing.RectangleF"/> object that represents the item bounds.

            </param>


        </member>
        <member name="P:DevExpress.XtraDiagram.DiagramShape.Content">
            <summary>
                <para>Gets or sets the text displayed by the shape.
</para>
            </summary>
            <value>The text displayed by the diagram shape.
</value>


        </member>
        <member name="P:DevExpress.XtraDiagram.DiagramShape.Padding">
            <summary>
                <para> </para>
            </summary>
            <value> </value>


        </member>
        <member name="P:DevExpress.XtraDiagram.DiagramShape.Parameters">
            <summary>
                <para> </para>
            </summary>
            <value> </value>


        </member>
        <member name="P:DevExpress.XtraDiagram.DiagramShape.Shape">
            <summary>
                <para>Gets or sets the shape kind.
</para>
            </summary>
            <value>An object that specifies the shape kind.
</value>


        </member>
        <member name="T:DevExpress.XtraDiagram.DiagramControl">

            <summary>
                <para>Allows you and your end-users to create diagrams of various types (Flow Charts, SDL diagrams, etc.).
</para>
            </summary>

        </member>
        <member name="M:DevExpress.XtraDiagram.DiagramControl.#ctor">
            <summary>
                <para>Initializes a new instance of the DiagramControl class.
</para>
            </summary>


        </member>
        <member name="M:DevExpress.XtraDiagram.DiagramControl.About">
            <summary>
                <para>Invokes the <b>About</b> dialog. 
</para>
            </summary>


        </member>
        <member name="E:DevExpress.XtraDiagram.DiagramControl.AddingNewItem">
            <summary>
                <para>Fires each time a new item is added to the diagram.
</para>
            </summary>


        </member>
        <member name="P:DevExpress.XtraDiagram.DiagramControl.Appearance">
            <summary>
                <para> </para>
            </summary>
            <value> </value>


        </member>
        <member name="M:DevExpress.XtraDiagram.DiagramControl.ApplySugiyamaLayout(DevExpress.Diagram.Core.Layout.SugiyamaLayoutSettings)">
            <summary>
                <para>Realigns diagram items according to the layered graph drawing (Sugiyama-style graph drawing) algorithm.
</para>
            </summary>
            <param name="settings">
		A DevExpress.Diagram.Core.Layout.SugiyamaLayoutSettings object.

            </param>


        </member>
        <member name="M:DevExpress.XtraDiagram.DiagramControl.ApplySugiyamaLayout(DevExpress.Diagram.Core.Direction)">
            <summary>
                <para>Realigns diagram items according to the layered graph drawing (Sugiyama-style graph drawing) algorithm.
</para>
            </summary>
            <param name="direction">
		A <see cref="T:DevExpress.Diagram.Core.Direction"/> enumeration value.

            </param>


        </member>
        <member name="M:DevExpress.XtraDiagram.DiagramControl.ApplyTreeLayout(DevExpress.Diagram.Core.Direction)">
            <summary>
                <para>Realigns diagram items to form a tree diagram.
</para>
            </summary>
            <param name="direction">
		A <see cref="T:DevExpress.Diagram.Core.Direction"/> enumeration value.

            </param>


        </member>
        <member name="M:DevExpress.XtraDiagram.DiagramControl.ApplyTreeLayout(DevExpress.Diagram.Core.Layout.TreeLayoutSettings,DevExpress.Diagram.Core.Layout.SplitToConnectedComponentsMode)">
            <summary>
                <para>Realigns diagram items to form a tree diagram.
</para>
            </summary>
            <param name="settings">
		A DevExpress.Diagram.Core.Layout.TreeLayoutSettings object.

            </param>
            <param name="splitMode">
		A <see cref="T:DevExpress.Diagram.Core.Layout.SplitToConnectedComponentsMode"/> enumeration value that specifies which diagram items are realigned.

            </param>


        </member>
        <member name="P:DevExpress.XtraDiagram.DiagramControl.BackColor">
            <summary>
                <para>This property is not supported. Use the <see cref="P:DevExpress.XtraDiagram.DiagramControl.Appearance"/> property instead.
</para>
            </summary>
            <value> 
</value>


        </member>
        <member name="E:DevExpress.XtraDiagram.DiagramControl.BackColorChanged">
            <summary>
                <para>This member is not supported.
</para>
            </summary>


        </member>
        <member name="M:DevExpress.XtraDiagram.DiagramControl.BeginUpdate">
            <summary>
                <para>Locks the DiagramControl, preventing visual updates of the object and its elements until the <b>EndUpdate</b> or <b>CancelUpdate</b> method is called.


</para>
            </summary>


        </member>
        <member name="M:DevExpress.XtraDiagram.DiagramControl.BringItemsForward(System.Collections.Generic.IEnumerable`1)">
            <summary>
                <para>Brings the specified diagram items forward one step in the stack.
</para>
            </summary>
            <param name="items">
		The diagram items to be brought forward one step in the stack.

            </param>


        </member>
        <member name="M:DevExpress.XtraDiagram.DiagramControl.BringItemsIntoView(System.Collections.Generic.IEnumerable`1,DevExpress.Diagram.Core.BringIntoViewMode)">
            <summary>
                <para>Scrolls the diagram and changes its zoom factor to bring the specified diagram items into view.
</para>
            </summary>
            <param name="items">
		The diagram items to be brought into view.

            </param>
            <param name="viewMode">
		A <see cref="T:DevExpress.Diagram.Core.BringIntoViewMode"/> enumeration value that specifies whether all items should be brought into view when other items are partially visible.

            </param>


        </member>
        <member name="M:DevExpress.XtraDiagram.DiagramControl.BringItemsToFront(System.Collections.Generic.IEnumerable`1)">
            <summary>
                <para>Brings the specified diagram items to the front of the stack.
</para>
            </summary>
            <param name="items">
		The diagram items to be brought to the front of the stack.

            </param>


        </member>
        <member name="M:DevExpress.XtraDiagram.DiagramControl.BringSelectedItemsForward">
            <summary>
                <para>Brings the selected diagram items forward one step in the stack.
</para>
            </summary>


        </member>
        <member name="M:DevExpress.XtraDiagram.DiagramControl.BringSelectedItemsToFront">
            <summary>
                <para>Brings the specified diagram items to the front of the stack.
</para>
            </summary>


        </member>
        <member name="M:DevExpress.XtraDiagram.DiagramControl.BringSelectionIntoView(DevExpress.Diagram.Core.BringIntoViewMode)">
            <summary>
                <para>Scrolls the diagram and changes its zoom factor to bring the selected diagram items into view.
</para>
            </summary>
            <param name="viewMode">
		A <see cref="T:DevExpress.Diagram.Core.BringIntoViewMode"/> enumeration value that specifies whether all items should be brought into view when other items are partially visible.

            </param>


        </member>
        <member name="M:DevExpress.XtraDiagram.DiagramControl.CalcHitInfo(System.Drawing.PointF)">
            <summary>
                <para>Returns information on an object located at the specified position.
</para>
            </summary>
            <param name="diagramRelativePoint">
		A test point where a target element is located.

            </param>
            <returns>A DiagramHitInfo descendant that contains information on an object located at the specified position.
</returns>


        </member>
        <member name="M:DevExpress.XtraDiagram.DiagramControl.CalcHitItem(System.Drawing.PointF)">
            <summary>
                <para>Returns the diagram item located at the specified position.
</para>
            </summary>
            <param name="diagramRelativePoint">
		A test point where a target element is located.

            </param>
            <returns>A diagram item located at the specified position.
</returns>


        </member>
        <member name="P:DevExpress.XtraDiagram.DiagramControl.CanRedo">
            <summary>
                <para>Gets whether the Redo action can currently be performed.

</para>
            </summary>
            <value><b>true</b>, if the Redo action can be performed; otherwise, <b>false</b>.
</value>


        </member>
        <member name="E:DevExpress.XtraDiagram.DiagramControl.CanRedoChanged">
            <summary>
                <para> </para>
            </summary>


        </member>
        <member name="P:DevExpress.XtraDiagram.DiagramControl.CanUndo">
            <summary>
                <para>Gets whether the Undo action can currently be performed.

</para>
            </summary>
            <value><b>true</b>, if the Undo action can be performed; otherwise, <b>false</b>.
</value>


        </member>
        <member name="E:DevExpress.XtraDiagram.DiagramControl.CanUndoChanged">
            <summary>
                <para> </para>
            </summary>


        </member>
        <member name="P:DevExpress.XtraDiagram.DiagramControl.CanvasSizeMode">
            <summary>
                <para>Gets or sets whether the canvas size is automatically expanded/shrunk to fit the current shapes layout.
</para>
            </summary>
            <value>A <see cref="T:DevExpress.Diagram.Core.CanvasSizeMode"/> enumeration value.
</value>


        </member>
        <member name="M:DevExpress.XtraDiagram.DiagramControl.ClearSelection">
            <summary>
                <para>Clears the current selection.
</para>
            </summary>


        </member>
        <member name="E:DevExpress.XtraDiagram.DiagramControl.ClosedEditor">
            <summary>
                <para>Fires after the end-user closes the diagram item's text editor.
</para>
            </summary>


        </member>
        <member name="P:DevExpress.XtraDiagram.DiagramControl.Commands">
            <summary>
                <para> </para>
            </summary>
            <value> </value>


        </member>
        <member name="M:DevExpress.XtraDiagram.DiagramControl.CopySelectedItems">
            <summary>
                <para> </para>
            </summary>


        </member>
        <member name="M:DevExpress.XtraDiagram.DiagramControl.CreatePrintDocument">
            <summary>
                <para> </para>
            </summary>
            <returns> </returns>


        </member>
        <member name="M:DevExpress.XtraDiagram.DiagramControl.CreateRibbon">
            <summary>
                <para>Creates a Ribbon menu at the top of the form with diagram-specific commands.
</para>
            </summary>


        </member>
        <member name="P:DevExpress.XtraDiagram.DiagramControl.Cursor">
            <summary>
                <para>This member is not supported.
</para>
            </summary>
            <value> 
</value>


        </member>
        <member name="E:DevExpress.XtraDiagram.DiagramControl.CustomLoadDocument">
            <summary>
                <para>Fires after an end-user selects a file in the 'Open File' dialog, or after a document load is initiated by setting the <see cref="P:DevExpress.XtraDiagram.DiagramControl.DocumentSource"/> property in code.
</para>
            </summary>


        </member>
        <member name="E:DevExpress.XtraDiagram.DiagramControl.CustomSaveDocument">
            <summary>
                <para>Fires when the diagram is about to be saved (when an end-user uses Save actions in the Diagram's Ribbon menu, or when the <see cref="M:DevExpress.XtraDiagram.DiagramControl.SaveFile"/>/<see cref="M:DevExpress.XtraDiagram.DiagramControl.SaveFileAs"/> method is called). The event allows you to implement custom saving logic.
</para>
            </summary>


        </member>
        <member name="M:DevExpress.XtraDiagram.DiagramControl.CutSelectedItems">
            <summary>
                <para>Moves the currently selected diagram items to the clipboard.
</para>
            </summary>


        </member>
        <member name="M:DevExpress.XtraDiagram.DiagramControl.DeleteItems(System.Collections.Generic.IEnumerable`1)">
            <summary>
                <para>Removes the specified diagram items.
</para>
            </summary>
            <param name="items">
		The diagram items to be removed.

            </param>


        </member>
        <member name="M:DevExpress.XtraDiagram.DiagramControl.DeleteSelectedItems">
            <summary>
                <para>Removes the currently selected diagram items.
</para>
            </summary>


        </member>
        <member name="E:DevExpress.XtraDiagram.DiagramControl.DeletingItems">
            <summary>
                <para>Fires when the end-user removes items from the diagram canvas.
</para>
            </summary>


        </member>
        <member name="P:DevExpress.XtraDiagram.DiagramControl.DiagramViewInfo">
            <summary>
                <para>Returns the object which contains the internal information used to render the DiagramControl.
</para>
            </summary>
            <value>An object that contains the internal information used to render the DiagramControl.
</value>


        </member>
        <member name="E:DevExpress.XtraDiagram.DiagramControl.DocumentLoaded">
            <summary>
                <para>Occurs after a document is loaded into the <see cref="T:DevExpress.XtraDiagram.DiagramControl"/>.
</para>
            </summary>


        </member>
        <member name="P:DevExpress.XtraDiagram.DiagramControl.DocumentSource">
            <summary>
                <para>Gets or sets the object from which a diagram is to be loaded or has been loaded. The current diagram is also saved to this object by certain Save actions.
The DocumentSource can be a file full path, Uri object, stream and array of bytes.
</para>
            </summary>
            <value>The diagram source.
</value>


        </member>
        <member name="M:DevExpress.XtraDiagram.DiagramControl.EndUpdate">
            <summary>
                <para>Unlocks the DiagramControl object after a call to the <b>BeginUpdate</b> method and causes an immediate visual update.


</para>
            </summary>


        </member>
        <member name="E:DevExpress.XtraDiagram.DiagramControl.ExceptionMessage">
            <summary>
                <para>Allows you to handle exceptions that may raise during various actions on the Diagram Control.
</para>
            </summary>


        </member>
        <member name="M:DevExpress.XtraDiagram.DiagramControl.ExportDiagram(System.String)">
            <summary>
                <para>Exports the diagram in the specified format to a file.
</para>
            </summary>
            <param name="path">
		A string value that is the path to the file to which to save the diagram.

            </param>


        </member>
        <member name="M:DevExpress.XtraDiagram.DiagramControl.ExportDiagram(DevExpress.Diagram.Core.DiagramExportFormat)">
            <summary>
                <para>Invokes the <b>Export</b> dialog window.
</para>
            </summary>
            <param name="exportFormat">
		A DevExpress.Diagram.Core.DiagramExportFormat enumeration value that is the file format which is selected in the dialog window by default.

            </param>


        </member>
        <member name="M:DevExpress.XtraDiagram.DiagramControl.ExportDiagram(System.IO.Stream,DevExpress.Diagram.Core.DiagramExportFormat)">
            <summary>
                <para>Exports the diagram in the specified format to a stream.
</para>
            </summary>
            <param name="stream">
		A stream to which to export the diagram.

            </param>
            <param name="exportFormat">
		A DevExpress.Diagram.Core.DiagramExportFormat enumeration value.

            </param>


        </member>
        <member name="P:DevExpress.XtraDiagram.DiagramControl.FileDialogFilter">
            <summary>
                <para>This property is obsolete. Use the <see cref="P:DevExpress.XtraDiagram.Options.DiagramOptionsBehavior.FileDialogFilter"/> property instead.
</para>
            </summary>
            <value> 
</value>


        </member>
        <member name="M:DevExpress.XtraDiagram.DiagramControl.FitToDrawing">
            <summary>
                <para>Changes the page size to fit the diagram contents.
</para>
            </summary>


        </member>
        <member name="M:DevExpress.XtraDiagram.DiagramControl.FitToItems(System.Collections.Generic.IEnumerable`1)">
            <summary>
                <para>Scrolls the diagram and changes its zoom factor so that the viewport is sufficiently large to display the specified items.
</para>
            </summary>
            <param name="items">
		The diagram items to fit within the viewport.

            </param>


        </member>
        <member name="M:DevExpress.XtraDiagram.DiagramControl.FitToPage">
            <summary>
                <para> </para>
            </summary>


        </member>
        <member name="M:DevExpress.XtraDiagram.DiagramControl.FitToWidth">
            <summary>
                <para>Sets the diagram zoom factor value to fit the entire diagram width.
</para>
            </summary>


        </member>
        <member name="P:DevExpress.XtraDiagram.DiagramControl.Font">
            <summary>
                <para>This member is not supported. Use the <see cref="P:DevExpress.XtraDiagram.DiagramControl.Appearance"/> property instead.
</para>
            </summary>
            <value> 
</value>


        </member>
        <member name="E:DevExpress.XtraDiagram.DiagramControl.FontChanged">
            <summary>
                <para>This member is not supported by the DiagramControl class.
</para>
            </summary>


        </member>
        <member name="P:DevExpress.XtraDiagram.DiagramControl.ForeColor">
            <summary>
                <para>This member is not supported. Use the <see cref="P:DevExpress.XtraDiagram.DiagramControl.Appearance"/> property instead.
</para>
            </summary>
            <value> 
</value>


        </member>
        <member name="E:DevExpress.XtraDiagram.DiagramControl.ForeColorChanged">
            <summary>
                <para>This member is not supported by the DiagramControl class.
</para>
            </summary>


        </member>
        <member name="P:DevExpress.XtraDiagram.DiagramControl.HasChanges">
            <summary>
                <para>Gets whether the diagram has been changed.
</para>
            </summary>
            <value><b>true</b>, if the diagram has been changed; otherwise, <b>false</b>.
</value>


        </member>
        <member name="E:DevExpress.XtraDiagram.DiagramControl.HasChangesChanged">
            <summary>
                <para> </para>
            </summary>


        </member>
        <member name="M:DevExpress.XtraDiagram.DiagramControl.InitializeRibbon(DevExpress.XtraBars.Ribbon.RibbonControl)">
            <summary>
                <para> </para>
            </summary>
            <param name="ribbon">
		 
            </param>


        </member>
        <member name="P:DevExpress.XtraDiagram.DiagramControl.IsHScrollVisible">
            <summary>
                <para>Gets whether the horizontal scroll bar is visible.
</para>
            </summary>
            <value><b>true</b>, if the horizontal scroll bar is visible; otherwise, <b>false</b>.
</value>


        </member>
        <member name="P:DevExpress.XtraDiagram.DiagramControl.IsLoading">
            <summary>
                <para> </para>
            </summary>
            <value> </value>


        </member>
        <member name="P:DevExpress.XtraDiagram.DiagramControl.IsTextEditMode">
            <summary>
                <para>Gets whether a shape's text is currently being edited.

</para>
            </summary>
            <value><b>true</b>, if shape text editing is in progress; otherwise, <b>false</b>.
</value>


        </member>
        <member name="E:DevExpress.XtraDiagram.DiagramControl.IsTextEditModeChanged">
            <summary>
                <para> </para>
            </summary>


        </member>
        <member name="P:DevExpress.XtraDiagram.DiagramControl.IsVScrollVisible">
            <summary>
                <para>Gets whether the vertical scroll bar is visible.
</para>
            </summary>
            <value><b>true</b>, if the vertical scroll bar is visible; otherwise, <b>false</b>.
</value>


        </member>
        <member name="E:DevExpress.XtraDiagram.DiagramControl.ItemContentChanged">
            <summary>
                <para>Fires each time an item's text is changed.
</para>
            </summary>


        </member>
        <member name="E:DevExpress.XtraDiagram.DiagramControl.ItemInitializing">
            <summary>
                <para>Fires each time an item is created via the DevExpress.Diagram.Core.ItemTool.
</para>
            </summary>


        </member>
        <member name="P:DevExpress.XtraDiagram.DiagramControl.Items">
            <summary>
                <para>Provides access to the collection of diagram items displayed by the DiagramControl.
</para>
            </summary>
            <value>The collection of diagram items.
</value>


        </member>
        <member name="E:DevExpress.XtraDiagram.DiagramControl.ItemsChanged">
            <summary>
                <para>Fires each time an item is added or removed from the diagram.
</para>
            </summary>


        </member>
        <member name="P:DevExpress.XtraDiagram.DiagramControl.ItemTypeRegistrator">
            <summary>
                <para> </para>
            </summary>
            <value> </value>


        </member>
        <member name="P:DevExpress.XtraDiagram.DiagramControl.LastShapeStyles">
            <summary>
                <para> </para>
            </summary>
            <value> </value>


        </member>
        <member name="M:DevExpress.XtraDiagram.DiagramControl.LoadDocument(System.String)">
            <summary>
                <para>Loads a diagram stored in the specified file.
</para>
            </summary>
            <param name="fileName">
		The full path to the file that stores the diagram to be loaded.

            </param>


        </member>
        <member name="M:DevExpress.XtraDiagram.DiagramControl.LoadDocument(System.IO.Stream)">
            <summary>
                <para>Loads a diagram stored in the specified stream.
</para>
            </summary>
            <param name="stream">
		A stream that stores the diagram to be loaded.

            </param>


        </member>
        <member name="P:DevExpress.XtraDiagram.DiagramControl.MenuManager">
            <summary>
                <para> </para>
            </summary>
            <value> </value>


        </member>
        <member name="M:DevExpress.XtraDiagram.DiagramControl.NewDocument">
            <summary>
                <para> </para>
            </summary>


        </member>
        <member name="M:DevExpress.XtraDiagram.DiagramControl.NewFile">
            <summary>
                <para> </para>
            </summary>


        </member>
        <member name="M:DevExpress.XtraDiagram.DiagramControl.OpenFile">
            <summary>
                <para>Displays the "Open File" dialog that allows an end-user to load an XML file containing a saved diagram.
</para>
            </summary>


        </member>
        <member name="P:DevExpress.XtraDiagram.DiagramControl.OptionsBehavior">
            <summary>
                <para>Contains options that control the DiagramControl's behavior.
</para>
            </summary>
            <value>The DiagramControl's behavior options.
</value>


        </member>
        <member name="P:DevExpress.XtraDiagram.DiagramControl.OptionsConnector">
            <summary>
                <para> </para>
            </summary>
            <value> </value>


        </member>
        <member name="P:DevExpress.XtraDiagram.DiagramControl.OptionsView">
            <summary>
                <para>Contains the DiagramControl's view settings.
</para>
            </summary>
            <value>An object that specifies the DiagramControl's view settings.
</value>


        </member>
        <member name="P:DevExpress.XtraDiagram.DiagramControl.Page">
            <summary>
                <para> </para>
            </summary>
            <value> </value>


        </member>
        <member name="M:DevExpress.XtraDiagram.DiagramControl.Paste">
            <summary>
                <para>Inserts the diagram items from the clipboard onto the canvas.
</para>
            </summary>


        </member>
        <member name="P:DevExpress.XtraDiagram.DiagramControl.PlatformCache">
            <summary>
                <para> </para>
            </summary>
            <value> </value>


        </member>
        <member name="M:DevExpress.XtraDiagram.DiagramControl.PointToControl(DevExpress.Utils.PointFloat)">
            <summary>
                <para> </para>
            </summary>
            <param name="documentPoint">
		 
            </param>
            <returns> </returns>


        </member>
        <member name="M:DevExpress.XtraDiagram.DiagramControl.PointToDocument(DevExpress.Utils.PointFloat)">
            <summary>
                <para> </para>
            </summary>
            <param name="controlPoint">
		 
            </param>
            <returns> </returns>


        </member>
        <member name="P:DevExpress.XtraDiagram.DiagramControl.PrimarySelection">
            <summary>
                <para> </para>
            </summary>
            <value> </value>


        </member>
        <member name="M:DevExpress.XtraDiagram.DiagramControl.Print">
            <summary>
                <para>Invokes the <b>Print</b> dialog window.
</para>
            </summary>


        </member>
        <member name="P:DevExpress.XtraDiagram.DiagramControl.PropertyGrid">
            <summary>
                <para>Gets or sets the Property Grid control that displays the properties of a diagram item, once it is selected on the diagram canvas, at runtime.

</para>
            </summary>
            <value>The Property Grid control displaying a selected diagram item's settings.
</value>


        </member>
        <member name="M:DevExpress.XtraDiagram.DiagramControl.QuickPrint">
            <summary>
                <para>Prints the current diagram to the default printer.
</para>
            </summary>


        </member>
        <member name="M:DevExpress.XtraDiagram.DiagramControl.ResetBackColor">
            <summary>
                <para>Sets the <see cref="P:DevExpress.XtraDiagram.DiagramControl.BackColor"/> property to Color.Empty.
</para>
            </summary>


        </member>
        <member name="P:DevExpress.XtraDiagram.DiagramControl.RootToolsModel">
            <summary>
                <para> </para>
            </summary>
            <value> </value>


        </member>
        <member name="M:DevExpress.XtraDiagram.DiagramControl.SaveDocument(System.String)">
            <summary>
                <para>Saves the diagram to the specified file.
</para>
            </summary>
            <param name="fileName">
		The full path to the file where the diagram will be saved.


            </param>


        </member>
        <member name="M:DevExpress.XtraDiagram.DiagramControl.SaveDocument(System.IO.Stream)">
            <summary>
                <para>Saves the diagram to the specified stream.
</para>
            </summary>
            <param name="stream">
		The stream where the diagram will be saved.

            </param>


        </member>
        <member name="M:DevExpress.XtraDiagram.DiagramControl.SaveFile">
            <summary>
                <para>Saves the diagram to storage specified by the <see cref="P:DevExpress.XtraDiagram.DiagramControl.DocumentSource"/>. If the <see cref="P:DevExpress.XtraDiagram.DiagramControl.DocumentSource"/> is not set, the <see cref="M:DevExpress.XtraDiagram.DiagramControl.SaveFileAs"/> method is called, that invokes the "Save File As" dialog.
</para>
            </summary>


        </member>
        <member name="M:DevExpress.XtraDiagram.DiagramControl.SaveFileAs">
            <summary>
                <para>Displays the "Save File As" dialog that allows an end-user to save the current diagram to an XML file.
</para>
            </summary>


        </member>
        <member name="P:DevExpress.XtraDiagram.DiagramControl.ScrollPos">
            <summary>
                <para> </para>
            </summary>
            <value> </value>


        </member>
        <member name="M:DevExpress.XtraDiagram.DiagramControl.SelectAll">
            <summary>
                <para>Selects all shapes and connectors within the current document.
</para>
            </summary>


        </member>
        <member name="P:DevExpress.XtraDiagram.DiagramControl.SelectedItems">
            <summary>
                <para>Provides access to the collection of the currently selected diagram items.
</para>
            </summary>
            <value>A read-only collection of the currently selected diagram items.
</value>


        </member>
        <member name="P:DevExpress.XtraDiagram.DiagramControl.SelectedStencils">
            <summary>
                <para>This property is obsolete. Use the <see cref="P:DevExpress.XtraDiagram.Options.DiagramOptionsBehavior.SelectedStencils"/> property instead.
</para>
            </summary>
            <value> 
</value>


        </member>
        <member name="E:DevExpress.XtraDiagram.DiagramControl.SelectionChanged">
            <summary>
                <para>Fires when the selection changes (new items are selected, or currently selected items are deselected).
</para>
            </summary>


        </member>
        <member name="P:DevExpress.XtraDiagram.DiagramControl.SelectionModel">
            <summary>
                <para>This member supports the internal infrastructure, and is not intended to be used directly from your code.
</para>
            </summary>
            <value> 
</value>


        </member>
        <member name="P:DevExpress.XtraDiagram.DiagramControl.SelectionToolsModel">
            <summary>
                <para>This member supports the internal infrastructure, and is not intended to be used directly from your code.
</para>
            </summary>
            <value> 
</value>


        </member>
        <member name="M:DevExpress.XtraDiagram.DiagramControl.SelectItem(DevExpress.XtraDiagram.DiagramItem,DevExpress.Diagram.Core.ModifySelectionMode)">
            <summary>
                <para>Selects the specified diagram item.
</para>
            </summary>
            <param name="item">
		A <see cref="T:DevExpress.XtraDiagram.DiagramItem"/> object that is the item to select.

            </param>
            <param name="modifySelectionMode">
		A <see cref="T:DevExpress.Diagram.Core.ModifySelectionMode"/> enumeration value that specifies whether to add or replace the existing selection with the specified diagram item. 

            </param>


        </member>
        <member name="M:DevExpress.XtraDiagram.DiagramControl.SelectItems(DevExpress.XtraDiagram.DiagramItem[])">
            <summary>
                <para>Clears the existing selection and then selects the specified items.
</para>
            </summary>
            <param name="items">
		A comma-separated list of <see cref="T:DevExpress.XtraDiagram.DiagramItem"/> objects, or an array of these objects.

            </param>


        </member>
        <member name="M:DevExpress.XtraDiagram.DiagramControl.SelectItems(System.Collections.Generic.IEnumerable`1,DevExpress.Diagram.Core.ModifySelectionMode)">
            <summary>
                <para>Selects the specified diagram items.
</para>
            </summary>
            <param name="items">
		An array of <see cref="T:DevExpress.XtraDiagram.DiagramItem"/> objects representing the diagram items to select.

            </param>
            <param name="modifySelectionMode">
		A <see cref="T:DevExpress.Diagram.Core.ModifySelectionMode"/> enumeration value that specifies whether to add or replace the existing selection with the specified diagram items. 

            </param>


        </member>
        <member name="M:DevExpress.XtraDiagram.DiagramControl.SendItemsBackward(System.Collections.Generic.IEnumerable`1)">
            <summary>
                <para>Sends the specified diagram items back one step in the stack.
</para>
            </summary>
            <param name="items">
		The diagram items to be sent back one step in the stack.

            </param>


        </member>
        <member name="M:DevExpress.XtraDiagram.DiagramControl.SendItemsToBack(System.Collections.Generic.IEnumerable`1)">
            <summary>
                <para>Sends the specified diagram items to the back of the stack.
</para>
            </summary>
            <param name="items">
		The diagram items to be sent to the back of the stack.

            </param>


        </member>
        <member name="M:DevExpress.XtraDiagram.DiagramControl.SendSelectedItemsBackward">
            <summary>
                <para>Sends the selected diagram items back one step in the stack.
</para>
            </summary>


        </member>
        <member name="M:DevExpress.XtraDiagram.DiagramControl.SendSelectedItemsToBack">
            <summary>
                <para>Sends the specified diagram items to the back of the stack.
</para>
            </summary>


        </member>
        <member name="E:DevExpress.XtraDiagram.DiagramControl.ShowingEditor">
            <summary>
                <para>Enables you to prevent an end-user from activating the editors of individual diagram items.
</para>
            </summary>


        </member>
        <member name="E:DevExpress.XtraDiagram.DiagramControl.ShowingOpenDialog">
            <summary>
                <para>Fires before showing an 'Open File' dialog, and allows it to be customized or replaced.
</para>
            </summary>


        </member>
        <member name="E:DevExpress.XtraDiagram.DiagramControl.ShowingSaveDialog">
            <summary>
                <para>Fires before showing a 'Save File As' dialog, and allows it to be customized or replaced.

</para>
            </summary>


        </member>
        <member name="P:DevExpress.XtraDiagram.DiagramControl.Title">
            <summary>
                <para>The document title to which the window title can be bound.
</para>
            </summary>
            <value>A string object that represents the document title.
</value>


        </member>
        <member name="E:DevExpress.XtraDiagram.DiagramControl.TitleChanged">
            <summary>
                <para> </para>
            </summary>


        </member>
        <member name="P:DevExpress.XtraDiagram.DiagramControl.Toolbox">
            <summary>
                <para>Gets or sets a Toolbox Control linked to the DiagramControl and populated with diagram shapes.
</para>
            </summary>
            <value>A Toolbox Control.
</value>


        </member>
        <member name="P:DevExpress.XtraDiagram.DiagramControl.UndoManager">
            <summary>
                <para>Provides access to an object that manages the undo and redo operations in the <see cref="T:DevExpress.XtraDiagram.DiagramControl"/>.
</para>
            </summary>
            <value>A DevExpress.Utils.UndoManager object.
</value>


        </member>
        <member name="M:DevExpress.XtraDiagram.DiagramControl.UnselectItem(DevExpress.XtraDiagram.DiagramItem)">
            <summary>
                <para>Unselects the specified diagram item.
</para>
            </summary>
            <param name="item">
		A <see cref="T:DevExpress.XtraDiagram.DiagramItem"/> to unselect.

            </param>


        </member>
        <member name="M:DevExpress.XtraDiagram.DiagramControl.UpdateRoute">
            <summary>
                <para>Recalculates the routes of all diagram connectors.

</para>
            </summary>


        </member>
        <member name="M:DevExpress.XtraDiagram.DiagramControl.ZoomIn">
            <summary>
                <para>Increases the document zoom factor.
</para>
            </summary>


        </member>
        <member name="M:DevExpress.XtraDiagram.DiagramControl.ZoomOut">
            <summary>
                <para>Decreases the document zoom factor.
</para>
            </summary>


        </member>
        <member name="T:DevExpress.XtraDiagram.Options.DiagramOptionsConnector">

            <summary>
                <para>Contains options that control the diagram connectors.
</para>
            </summary>

        </member>
        <member name="M:DevExpress.XtraDiagram.Options.DiagramOptionsConnector.#ctor(DevExpress.XtraDiagram.DiagramControl)">
            <summary>
                <para>Initializes a new instance of the DiagramOptionsConnector class.
</para>
            </summary>
            <param name="diagram">
		The owner of the options object created.

            </param>


        </member>
        <member name="P:DevExpress.XtraDiagram.Options.DiagramOptionsConnector.LineJumpPlacement">
            <summary>
                <para>Specifies which connector lines display jumps in intersections.
</para>
            </summary>
            <value>A <see cref="T:DevExpress.Diagram.Core.LineJumpPlacement"/> enumeration value.
</value>


        </member>
        <member name="P:DevExpress.XtraDiagram.Options.DiagramOptionsConnector.LineJumpSize">
            <summary>
                <para> </para>
            </summary>
            <value> </value>


        </member>
        <member name="P:DevExpress.XtraDiagram.Options.DiagramOptionsConnector.LineJumpStyle">
            <summary>
                <para>Gets or sets the line jump style for connectors.
</para>
            </summary>
            <value>A DevExpress.Diagram.Core.LineJumpDescription object.
</value>


        </member>
        <member name="T:DevExpress.XtraDiagram.DiagramConnector">

            <summary>
                <para>Connects two diagram items or two points.
</para>
            </summary>

        </member>
        <member name="M:DevExpress.XtraDiagram.DiagramConnector.#ctor">
            <summary>
                <para>Initializes a new instance of the DiagramConnector class.
</para>
            </summary>


        </member>
        <member name="M:DevExpress.XtraDiagram.DiagramConnector.#ctor(DevExpress.Diagram.Core.ConnectorType,DevExpress.XtraDiagram.DiagramItem,DevExpress.XtraDiagram.DiagramItem)">
            <summary>
                <para>Initializes a new instance of the DiagramConnector class with the specified settings.
</para>
            </summary>
            <param name="connectorType">
		The connector type. This value is used to initialize the <see cref="P:DevExpress.XtraDiagram.DiagramConnector.Type"/> property.

            </param>
            <param name="beginItem">
		The connector's starting item. This value is used to initialize the <see cref="P:DevExpress.XtraDiagram.DiagramConnector.BeginItem"/> property.

            </param>
            <param name="endItem">
		The connector's ending item. This value is used to initialize the <see cref="P:DevExpress.XtraDiagram.DiagramConnector.EndItem"/> property.

            </param>


        </member>
        <member name="M:DevExpress.XtraDiagram.DiagramConnector.#ctor(System.Drawing.PointF,System.Drawing.PointF)">
            <summary>
                <para>Initializes a new instance of the DiagramConnector class with the specified settings.
</para>
            </summary>
            <param name="beginPoint">
		The connector's starting point. This value is used to initialize the <see cref="P:DevExpress.XtraDiagram.DiagramConnector.BeginPoint"/> property.

            </param>
            <param name="endPoint">
		The connector's ending point. This value is used to initialize the <see cref="P:DevExpress.XtraDiagram.DiagramConnector.EndPoint"/> property.

            </param>


        </member>
        <member name="M:DevExpress.XtraDiagram.DiagramConnector.#ctor(DevExpress.Utils.PointFloat,DevExpress.Utils.PointFloat)">
            <summary>
                <para>Initializes a new instance of the DiagramConnector class with the specified settings.
</para>
            </summary>
            <param name="beginPoint">
		The connector's starting point. This value is used to initialize the <see cref="P:DevExpress.XtraDiagram.DiagramConnector.BeginPoint"/> property.

            </param>
            <param name="endPoint">
		The connector's ending point. This value is used to initialize the <see cref="P:DevExpress.XtraDiagram.DiagramConnector.EndPoint"/> property.

            </param>


        </member>
        <member name="M:DevExpress.XtraDiagram.DiagramConnector.#ctor(DevExpress.Diagram.Core.ConnectorType,DevExpress.Utils.PointFloat,DevExpress.Utils.PointFloat)">
            <summary>
                <para>Initializes a new instance of the DiagramConnector class with the specified settings.
</para>
            </summary>
            <param name="connectorType">
		The connector type. This value is used to initialize the <see cref="P:DevExpress.XtraDiagram.DiagramConnector.Type"/> property.

            </param>
            <param name="beginPoint">
		The connector's starting point. This value is used to initialize the <see cref="P:DevExpress.XtraDiagram.DiagramConnector.BeginPoint"/> property.

            </param>
            <param name="endPoint">
		The connector's ending point. This value is used to initialize the <see cref="P:DevExpress.XtraDiagram.DiagramConnector.EndPoint"/> property.

            </param>


        </member>
        <member name="M:DevExpress.XtraDiagram.DiagramConnector.#ctor(System.Drawing.PointF,System.Drawing.PointF,System.Drawing.PointF[])">
            <summary>
                <para>Initializes a new instance of the DiagramConnector class with the specified settings.
</para>
            </summary>
            <param name="beginPoint">
		The connector's starting point. This value is used to initialize the <see cref="P:DevExpress.XtraDiagram.DiagramConnector.BeginPoint"/> property.

            </param>
            <param name="endPoint">
		The connector's ending point. This value is used to initialize the <see cref="P:DevExpress.XtraDiagram.DiagramConnector.EndPoint"/> property.

            </param>
            <param name="points">
		A collection of bend points. This object is used to initialize the <see cref="P:DevExpress.XtraDiagram.DiagramConnector.Points"/> property.

            </param>


        </member>
        <member name="M:DevExpress.XtraDiagram.DiagramConnector.#ctor(DevExpress.Utils.PointFloat,DevExpress.Utils.PointFloat,DevExpress.Utils.PointFloat[])">
            <summary>
                <para>Initializes a new instance of the DiagramConnector class with the specified settings.
</para>
            </summary>
            <param name="beginPoint">
		The connector's starting point. This value is used to initialize the <see cref="P:DevExpress.XtraDiagram.DiagramConnector.BeginPoint"/> property.

            </param>
            <param name="endPoint">
		The connector's ending point. This value is used to initialize the <see cref="P:DevExpress.XtraDiagram.DiagramConnector.EndPoint"/> property.

            </param>
            <param name="points">
		A collection of bend points. This object is used to initialize the <see cref="P:DevExpress.XtraDiagram.DiagramConnector.Points"/> property.

            </param>


        </member>
        <member name="M:DevExpress.XtraDiagram.DiagramConnector.#ctor(DevExpress.Diagram.Core.ConnectorType,System.Drawing.PointF,System.Drawing.PointF,System.Drawing.PointF[])">
            <summary>
                <para>Initializes a new instance of the DiagramConnector class with the specified settings.
</para>
            </summary>
            <param name="connectorType">
		The connector type. This value is used to initialize the <see cref="P:DevExpress.XtraDiagram.DiagramConnector.Type"/> property.

            </param>
            <param name="beginPoint">
		The connector's starting point. This value is used to initialize the <see cref="P:DevExpress.XtraDiagram.DiagramConnector.BeginPoint"/> property.

            </param>
            <param name="endPoint">
		The connector's ending point. This value is used to initialize the <see cref="P:DevExpress.XtraDiagram.DiagramConnector.EndPoint"/> property.

            </param>
            <param name="points">
		A collection of bend points. This object is used to initialize the <see cref="P:DevExpress.XtraDiagram.DiagramConnector.Points"/> property.

            </param>


        </member>
        <member name="M:DevExpress.XtraDiagram.DiagramConnector.#ctor(DevExpress.Diagram.Core.ConnectorType,DevExpress.Utils.PointFloat,DevExpress.Utils.PointFloat,DevExpress.Utils.PointFloat[])">
            <summary>
                <para>Initializes a new instance of the DiagramConnector class with the specified settings.
</para>
            </summary>
            <param name="connectorType">
		The connector type. This value is used to initialize the <see cref="P:DevExpress.XtraDiagram.DiagramConnector.Type"/> property.

            </param>
            <param name="beginPoint">
		The connector's starting point. This value is used to initialize the <see cref="P:DevExpress.XtraDiagram.DiagramConnector.BeginPoint"/> property.

            </param>
            <param name="endPoint">
		The connector's ending point. This value is used to initialize the <see cref="P:DevExpress.XtraDiagram.DiagramConnector.EndPoint"/> property.

            </param>
            <param name="points">
		A collection of bend points. This object is used to initialize the <see cref="P:DevExpress.XtraDiagram.DiagramConnector.Points"/> property.

            </param>


        </member>
        <member name="M:DevExpress.XtraDiagram.DiagramConnector.#ctor(DevExpress.Diagram.Core.ConnectorType)">
            <summary>
                <para>Initializes a new instance of the DiagramConnector class with the specified settings.
</para>
            </summary>
            <param name="connectorType">
		The connector type. This value is used to initialize the <see cref="P:DevExpress.XtraDiagram.DiagramConnector.Type"/> property.

            </param>


        </member>
        <member name="M:DevExpress.XtraDiagram.DiagramConnector.#ctor(DevExpress.XtraDiagram.DiagramItem,DevExpress.XtraDiagram.DiagramItem,System.Drawing.PointF[])">
            <summary>
                <para>Initializes a new instance of the DiagramConnector class with the specified settings.
</para>
            </summary>
            <param name="beginItem">
		The connector's starting item. This value is used to initialize the <see cref="P:DevExpress.XtraDiagram.DiagramConnector.BeginItem"/> property.

            </param>
            <param name="endItem">
		The connector's ending item. This value is used to initialize the <see cref="P:DevExpress.XtraDiagram.DiagramConnector.EndItem"/> property.

            </param>
            <param name="points">
		A collection of bend points. This object is used to initialize the <see cref="P:DevExpress.XtraDiagram.DiagramConnector.Points"/> property.

            </param>


        </member>
        <member name="M:DevExpress.XtraDiagram.DiagramConnector.#ctor(DevExpress.Diagram.Core.ConnectorType,System.Drawing.PointF,System.Drawing.PointF)">
            <summary>
                <para>Initializes a new instance of the DiagramConnector class with the specified settings.
</para>
            </summary>
            <param name="connectorType">
		The connector type. This value is used to initialize the <see cref="P:DevExpress.XtraDiagram.DiagramConnector.Type"/> property.

            </param>
            <param name="beginPoint">
		The connector's starting point. This value is used to initialize the <see cref="P:DevExpress.XtraDiagram.DiagramConnector.BeginPoint"/> property.

            </param>
            <param name="endPoint">
		The connector's ending point. This value is used to initialize the <see cref="P:DevExpress.XtraDiagram.DiagramConnector.EndPoint"/> property.

            </param>


        </member>
        <member name="M:DevExpress.XtraDiagram.DiagramConnector.#ctor(DevExpress.XtraDiagram.DiagramItem,DevExpress.XtraDiagram.DiagramItem)">
            <summary>
                <para>Initializes a new instance of the DiagramConnector class with the specified settings.
</para>
            </summary>
            <param name="beginItem">
		The connector's starting item. This value is used to initialize the <see cref="P:DevExpress.XtraDiagram.DiagramConnector.BeginItem"/> property.

            </param>
            <param name="endItem">
		The connector's ending item. This value is used to initialize the <see cref="P:DevExpress.XtraDiagram.DiagramConnector.EndItem"/> property.

            </param>


        </member>
        <member name="P:DevExpress.XtraDiagram.DiagramConnector.Anchors">
            <summary>
                <para>This member is not supported by the DiagramConnector class.
</para>
            </summary>
            <value> 
</value>


        </member>
        <member name="P:DevExpress.XtraDiagram.DiagramConnector.Angle">
            <summary>
                <para>This member is not supported by the DiagramConnector class.
</para>
            </summary>
            <value> 
</value>


        </member>
        <member name="P:DevExpress.XtraDiagram.DiagramConnector.BeginArrow">
            <summary>
                <para>Gets or sets the connector's start arrow style.
</para>
            </summary>
            <value>An object that specifies the start arrow style.
</value>


        </member>
        <member name="P:DevExpress.XtraDiagram.DiagramConnector.BeginArrowSize">
            <summary>
                <para>Gets or sets the connector's starting arrow size.

</para>
            </summary>
            <value>The starting arrow size.

</value>


        </member>
        <member name="P:DevExpress.XtraDiagram.DiagramConnector.BeginItem">
            <summary>
                <para>Gets or sets the start item for the connector.
</para>
            </summary>
            <value>The connector's start item.
</value>


        </member>
        <member name="P:DevExpress.XtraDiagram.DiagramConnector.BeginItemPointIndex">
            <summary>
                <para>Gets or sets the connection point on the start diagram item to which the connector is glued.

</para>
            </summary>
            <value>A zero-based index of the connection point on the start diagram item.
</value>


        </member>
        <member name="P:DevExpress.XtraDiagram.DiagramConnector.BeginPoint">
            <summary>
                <para>Gets or sets the connector's starting point within the diagram canvas.

</para>
            </summary>
            <value>The starting point of the connector.

</value>


        </member>
        <member name="P:DevExpress.XtraDiagram.DiagramConnector.CanRotate">
            <summary>
                <para>This member is not supported by the DiagramConnector class.
</para>
            </summary>
            <value> 
</value>


        </member>
        <member name="P:DevExpress.XtraDiagram.DiagramConnector.CanSnapToOtherItems">
            <summary>
                <para>This member is not supported by the DiagramConnector class.
</para>
            </summary>
            <value> 
</value>


        </member>
        <member name="P:DevExpress.XtraDiagram.DiagramConnector.CanSnapToThisItem">
            <summary>
                <para>This member is not supported by the DiagramConnector class.
</para>
            </summary>
            <value> 
</value>


        </member>
        <member name="P:DevExpress.XtraDiagram.DiagramConnector.ConnectionPoints">
            <summary>
                <para>This member is not supported by the DiagramConnector class.
</para>
            </summary>
            <value> 
</value>


        </member>
        <member name="P:DevExpress.XtraDiagram.DiagramConnector.Content">
            <summary>
                <para>Gets or sets the text displayed within the connector.
</para>
            </summary>
            <value>The text displayed within the connector.
</value>


        </member>
        <member name="P:DevExpress.XtraDiagram.DiagramConnector.EndArrow">
            <summary>
                <para>Gets or sets the connector's end arrow style.
</para>
            </summary>
            <value>An object that specifies the end arrow style.
</value>


        </member>
        <member name="P:DevExpress.XtraDiagram.DiagramConnector.EndArrowSize">
            <summary>
                <para>Gets or sets the connector's ending arrow size.

</para>
            </summary>
            <value>The ending arrow size.

</value>


        </member>
        <member name="P:DevExpress.XtraDiagram.DiagramConnector.EndItem">
            <summary>
                <para>Gets or sets the end item for the connector.
</para>
            </summary>
            <value>The connector's end item.
</value>


        </member>
        <member name="P:DevExpress.XtraDiagram.DiagramConnector.EndItemPointIndex">
            <summary>
                <para>Gets or sets the connection point on the end diagram item to which the connector is glued.

</para>
            </summary>
            <value>A zero-based index of the connection point on the end diagram item.
</value>


        </member>
        <member name="P:DevExpress.XtraDiagram.DiagramConnector.EndPoint">
            <summary>
                <para>Gets or sets the connector's end point on the diagram canvas.

</para>
            </summary>
            <value>The end point of the connector.
</value>


        </member>
        <member name="P:DevExpress.XtraDiagram.DiagramConnector.MinSize">
            <summary>
                <para>This member is not supported by the DiagramConnector class.
</para>
            </summary>
            <value> 
</value>


        </member>
        <member name="P:DevExpress.XtraDiagram.DiagramConnector.Padding">
            <summary>
                <para> </para>
            </summary>
            <value> </value>


        </member>
        <member name="P:DevExpress.XtraDiagram.DiagramConnector.Points">
            <summary>
                <para>Gets or sets a collection of bend points for the connector. 
</para>
            </summary>
            <value>A collection of bend points. 
</value>


        </member>
        <member name="P:DevExpress.XtraDiagram.DiagramConnector.Position">
            <summary>
                <para>This member is not supported by the DiagramConnector class.
</para>
            </summary>
            <value> 
</value>


        </member>
        <member name="P:DevExpress.XtraDiagram.DiagramConnector.Size">
            <summary>
                <para> </para>
            </summary>
            <value> </value>


        </member>
        <member name="P:DevExpress.XtraDiagram.DiagramConnector.Text">
            <summary>
                <para>Gets or sets the text displayed within the connector.
</para>
            </summary>
            <value>The text displayed within the connector.
</value>


        </member>
        <member name="P:DevExpress.XtraDiagram.DiagramConnector.Type">
            <summary>
                <para>Gets or sets the connector's type.
</para>
            </summary>
            <value>The connector's type.
</value>


        </member>
        <member name="M:DevExpress.XtraDiagram.DiagramConnector.UpdateRoute">
            <summary>
                <para>Recalculates the diagram connector's route.
</para>
            </summary>


        </member>
        <member name="T:DevExpress.XtraDiagram.Options.DiagramOptionsView">

            <summary>
                <para>Contains the DiagramControl's view settings.
</para>
            </summary>

        </member>
        <member name="M:DevExpress.XtraDiagram.Options.DiagramOptionsView.#ctor(DevExpress.XtraDiagram.DiagramControl)">
            <summary>
                <para>Initializes a new instance of the DiagramOptionsView class.
</para>
            </summary>
            <param name="diagram">
		The owner of the options object created.

            </param>


        </member>
        <member name="P:DevExpress.XtraDiagram.Options.DiagramOptionsView.AllowShapeShadows">
            <summary>
                <para> </para>
            </summary>
            <value> </value>


        </member>
        <member name="M:DevExpress.XtraDiagram.Options.DiagramOptionsView.Assign(DevExpress.Utils.Controls.BaseOptions)">
            <summary>
                <para>Copies settings of the specified object to the current object.
</para>
            </summary>
            <param name="other">
		The settings to be copied to the current object.

            </param>


        </member>
        <member name="P:DevExpress.XtraDiagram.Options.DiagramOptionsView.BringIntoViewMargin">
            <summary>
                <para> </para>
            </summary>
            <value> </value>


        </member>
        <member name="P:DevExpress.XtraDiagram.Options.DiagramOptionsView.CanvasSizeMode">
            <summary>
                <para>Gets or sets whether the canvas size is automatically expanded/shrunk to fit the current shapes layout.
</para>
            </summary>
            <value>A <see cref="T:DevExpress.Diagram.Core.CanvasSizeMode"/> enumeration value.
</value>


        </member>
        <member name="P:DevExpress.XtraDiagram.Options.DiagramOptionsView.FitToDrawingMargin">
            <summary>
                <para>Gets or sets the margin between diagram contents and page bounds when calling the <see cref="M:DevExpress.XtraDiagram.DiagramControl.FitToDrawing"/> and <see cref="M:DevExpress.XtraDiagram.DiagramControl.FitToItems"/> methods.
</para>
            </summary>
            <value>A <see cref="T:System.Windows.Forms.Padding"/> value that represents the margin between diagram contents and page bounds.
</value>


        </member>
        <member name="P:DevExpress.XtraDiagram.Options.DiagramOptionsView.GridSize">
            <summary>
                <para> </para>
            </summary>
            <value> </value>


        </member>
        <member name="P:DevExpress.XtraDiagram.Options.DiagramOptionsView.MeasureUnit">
            <summary>
                <para> </para>
            </summary>
            <value> </value>


        </member>
        <member name="P:DevExpress.XtraDiagram.Options.DiagramOptionsView.PageMargin">
            <summary>
                <para> </para>
            </summary>
            <value> </value>


        </member>
        <member name="P:DevExpress.XtraDiagram.Options.DiagramOptionsView.PageSize">
            <summary>
                <para>Gets or sets the initial diagram canvas size. This property also specifies to what extent the canvas is expanded/shrunk in auto-size mode (see <see cref="P:DevExpress.XtraDiagram.DiagramControl.CanvasSizeMode"/>).

</para>
            </summary>
            <value>The page size.
</value>


        </member>
        <member name="P:DevExpress.XtraDiagram.Options.DiagramOptionsView.ScrollMargin">
            <summary>
                <para>Gets or sets the minimum diagram margin.
</para>
            </summary>
            <value>The minimum diagram margin.
</value>


        </member>
        <member name="P:DevExpress.XtraDiagram.Options.DiagramOptionsView.ShowGrid">
            <summary>
                <para>Gets or sets whether to draw the grid, which helps you position shapes on the diagram canvas. 


</para>
            </summary>
            <value><b>true</b>, to draw the grid; otherwise, <b>false</b>.
</value>


        </member>
        <member name="P:DevExpress.XtraDiagram.Options.DiagramOptionsView.ShowPageBreaks">
            <summary>
                <para>Gets or sets whether to display page breaks.
</para>
            </summary>
            <value><b>true</b>, to display page breaks; otherwise, <b>false</b>.
</value>


        </member>
        <member name="P:DevExpress.XtraDiagram.Options.DiagramOptionsView.ShowRulers">
            <summary>
                <para>Gets or sets whether the diagram rulers are visible.
</para>
            </summary>
            <value><b>true</b>, if the diagram rulers are visible; otherwise, <b>false</b>.
</value>


        </member>
        <member name="P:DevExpress.XtraDiagram.Options.DiagramOptionsView.Theme">
            <summary>
                <para>Provides access to the current theme.
</para>
            </summary>
            <value>A <see cref="T:DevExpress.Diagram.Core.DiagramTheme"/> object.
</value>


        </member>
        <member name="P:DevExpress.XtraDiagram.Options.DiagramOptionsView.TransparentRulerBackground">
            <summary>
                <para> </para>
            </summary>
            <value> </value>


        </member>
        <member name="P:DevExpress.XtraDiagram.Options.DiagramOptionsView.ZoomFactor">
            <summary>
                <para>Specifies the diagram zoom factor.
</para>
            </summary>
            <value>A System.Single value that represents the diagram zoom factor.
</value>


        </member>
        <member name="T:DevExpress.XtraDiagram.Options.DiagramOptionsBehavior">

            <summary>
                <para>Contains options that control the DiagramControl's behavior.
</para>
            </summary>

        </member>
        <member name="M:DevExpress.XtraDiagram.Options.DiagramOptionsBehavior.#ctor(DevExpress.XtraDiagram.DiagramControl)">
            <summary>
                <para>Initializes a new instance of the DiagramOptionsBehavior class.
</para>
            </summary>
            <param name="diagram">
		The owner of the created object.

            </param>


        </member>
        <member name="P:DevExpress.XtraDiagram.Options.DiagramOptionsBehavior.ActiveTool">
            <summary>
                <para> </para>
            </summary>
            <value> </value>


        </member>
        <member name="P:DevExpress.XtraDiagram.Options.DiagramOptionsBehavior.AllowDiagramProperties">
            <summary>
                <para> </para>
            </summary>
            <value> </value>


        </member>
        <member name="P:DevExpress.XtraDiagram.Options.DiagramOptionsBehavior.AllowEmptySelection">
            <summary>
                <para>Specifies whether to allow selecting the root item.
</para>
            </summary>
            <value><b>true</b>, to allow selecting the root item; otherwise, <b>false</b>.
</value>


        </member>
        <member name="P:DevExpress.XtraDiagram.Options.DiagramOptionsBehavior.AllowPropertiesPanel">
            <summary>
                <para> </para>
            </summary>
            <value> </value>


        </member>
        <member name="M:DevExpress.XtraDiagram.Options.DiagramOptionsBehavior.Assign(DevExpress.Utils.Controls.BaseOptions)">
            <summary>
                <para>Copies settings of the specified object to the current object.
</para>
            </summary>
            <param name="other">
		The settings to be copied to the current object.

            </param>


        </member>
        <member name="P:DevExpress.XtraDiagram.Options.DiagramOptionsBehavior.BringIntoViewMargin">
            <summary>
                <para> </para>
            </summary>
            <value> </value>


        </member>
        <member name="P:DevExpress.XtraDiagram.Options.DiagramOptionsBehavior.FileDialogFilter">
            <summary>
                <para>Gets or sets the filter string that determines which files are displayed in the 'Open File' and 'Save File As' dialog boxes.
</para>
            </summary>
            <value>A filter string that determines which files are displayed in the file dialog box.
</value>


        </member>
        <member name="P:DevExpress.XtraDiagram.Options.DiagramOptionsBehavior.GlueToConnectionPointDistance">
            <summary>
                <para> </para>
            </summary>
            <value> </value>


        </member>
        <member name="P:DevExpress.XtraDiagram.Options.DiagramOptionsBehavior.GlueToItemDistance">
            <summary>
                <para> </para>
            </summary>
            <value> </value>


        </member>
        <member name="P:DevExpress.XtraDiagram.Options.DiagramOptionsBehavior.MinDragDistance">
            <summary>
                <para> </para>
            </summary>
            <value> </value>


        </member>
        <member name="P:DevExpress.XtraDiagram.Options.DiagramOptionsBehavior.PropertiesPanelVisibility">
            <summary>
                <para> </para>
            </summary>
            <value> </value>


        </member>
        <member name="P:DevExpress.XtraDiagram.Options.DiagramOptionsBehavior.ResizingMode">
            <summary>
                <para>Gets or sets how diagram items are resized.
</para>
            </summary>
            <value>A <see cref="T:DevExpress.Diagram.Core.ResizingMode"/> enumeration value that specifies how diagram items are resized.
</value>


        </member>
        <member name="P:DevExpress.XtraDiagram.Options.DiagramOptionsBehavior.SelectedStencils">
            <summary>
                <para>Specifies the selected shape groups.
</para>
            </summary>
            <value>A DevExpress.Diagram.Core.StencilCollection object.
</value>


        </member>
        <member name="P:DevExpress.XtraDiagram.Options.DiagramOptionsBehavior.SkinGallery">
            <summary>
                <para>Gets or sets whether the visibility and enabled state of the skin gallery in the Ribbon menu.
</para>
            </summary>
            <value>A value that specifies the visibility and enabled state of the skin gallery in the Ribbon menu.
</value>


        </member>
        <member name="P:DevExpress.XtraDiagram.Options.DiagramOptionsBehavior.SnapToGrid">
            <summary>
                <para>Gets or sets whether a diagram item can snap to grid lines during item movement and resizing operations in the Diagram Designer.
</para>
            </summary>
            <value><b>true</b>, if a diagram item can snap to grid lines; otherwise, <b>false</b>.
</value>


        </member>
        <member name="P:DevExpress.XtraDiagram.Options.DiagramOptionsBehavior.SnapToItems">
            <summary>
                <para>Gets or sets whether a diagram item can snap to alignment guides (snap lines) of other items during item movement and resizing operations in the Diagram Designer.
</para>
            </summary>
            <value><b>true</b>, if the snapping feature is enabled; otherwise, <b>false</b>.
</value>


        </member>
        <member name="P:DevExpress.XtraDiagram.Options.DiagramOptionsBehavior.SnapToItemsDistance">
            <summary>
                <para>Gets or sets the minimum distance between alignment guides of a shape being dragged and another shape's alignment guides at which the "snap-to-items" feature is activated. If the dragged shape is dropped at this position, it will be aligned with the second shape.
</para>
            </summary>
            <value>The snap distance.
</value>


        </member>
        <member name="P:DevExpress.XtraDiagram.Options.DiagramOptionsBehavior.ToolboxVisibility">
            <summary>
                <para>Gets or sets the Shapes toolbox display mode.
</para>
            </summary>
            <value>A <see cref="T:DevExpress.Diagram.Core.ToolboxVisibility"/> enumeration value.
</value>


        </member>
        <member name="P:DevExpress.XtraDiagram.Options.DiagramOptionsBehavior.UseTabNavigation">
            <summary>
                <para>Gets or sets whether navigation through diagram items using the TAB key is enabled.
</para>
            </summary>
            <value><b>Default</b> or <b>True</b>, if TAB navigation through items is enabled; otherwise, <b>False</b>.
</value>


        </member>
        <member name="T:DevExpress.XtraDiagram.DiagramItem">

            <summary>
                <para>The base class for diagram items.
</para>
            </summary>

        </member>
        <member name="M:DevExpress.XtraDiagram.DiagramItem.#ctor">
            <summary>
                <para>Initializes a new instance of the DiagramItem class.
</para>
            </summary>


        </member>
        <member name="M:DevExpress.XtraDiagram.DiagramItem.#ctor(System.Drawing.RectangleF)">
            <summary>
                <para>Initializes a new instance of the DiagramItem class.
</para>
            </summary>
            <param name="bounds">
		A <see cref="T:System.Drawing.RectangleF"/> object that represents the DiagramItem bounds.

            </param>


        </member>
        <member name="M:DevExpress.XtraDiagram.DiagramItem.#ctor(System.Single,System.Single,System.Single,System.Single)">
            <summary>
                <para>Initializes a new instance of the DiagramItem class.
</para>
            </summary>
            <param name="x">
		A <see cref="T:System.Single"/> value, specifying the horizontal coordinate of the item's upper left corner.

            </param>
            <param name="y">
		A <see cref="T:System.Single"/> value, specifying the vertical coordinate of the item's upper left corner.

            </param>
            <param name="width">
		A <see cref="T:System.Single"/> value, specifying the item width.

            </param>
            <param name="height">
		A <see cref="T:System.Single"/> value, specifying the item height.

            </param>


        </member>
        <member name="P:DevExpress.XtraDiagram.DiagramItem.Anchors">
            <summary>
                <para>Gets or sets the sides of the root item (page) to which the current DiagramItem object is anchored.
</para>
            </summary>
            <value>The sides of the root item (page) to which the current DiagramItem object is anchored.
</value>


        </member>
        <member name="P:DevExpress.XtraDiagram.DiagramItem.Angle">
            <summary>
                <para>Specifies the angle by which the diagram item is rotated around its anchor point. This is a dependency property.
</para>
            </summary>
            <value>A <see cref="T:System.Single"/> value specifying an angle in degrees.
</value>


        </member>
        <member name="P:DevExpress.XtraDiagram.DiagramItem.Appearance">
            <summary>
                <para>Provides access to the item's appearance settings.
</para>
            </summary>
            <value>The object that provides the item's appearance settings.
</value>


        </member>
        <member name="P:DevExpress.XtraDiagram.DiagramItem.BackgroundId">
            <summary>
                <para>This member supports the internal infrastructure, and is not intended to be used directly from your code.
</para>
            </summary>
            <value> 
</value>


        </member>
        <member name="P:DevExpress.XtraDiagram.DiagramItem.Bounds">
            <summary>
                <para>Gets or sets the item bounds.
</para>
            </summary>
            <value>A <see cref="T:System.Drawing.RectangleF"/> object that represents the item bounds.
</value>


        </member>
        <member name="P:DevExpress.XtraDiagram.DiagramItem.CanCopy">
            <summary>
                <para>Gets or sets whether the item can be copied to the clipboard in the Diagram Designer.
</para>
            </summary>
            <value><b>true</b>, if the item can be copied; otherwise, <b>false</b>.
</value>


        </member>
        <member name="P:DevExpress.XtraDiagram.DiagramItem.CanDelete">
            <summary>
                <para>Gets or sets whether the item can be deleted in the Diagram Designer.
</para>
            </summary>
            <value><b>true</b>, if the item can be deleted; otherwise, <b>false</b>.
</value>


        </member>
        <member name="P:DevExpress.XtraDiagram.DiagramItem.CanMove">
            <summary>
                <para>Gets or sets whether the item can be moved in the Diagram Designer.
</para>
            </summary>
            <value><b>true</b>, if the item can be moved; otherwise, <b>false</b>.
</value>


        </member>
        <member name="P:DevExpress.XtraDiagram.DiagramItem.CanResize">
            <summary>
                <para>Gets or sets whether the item can be resized in the Diagram Designer.
</para>
            </summary>
            <value><b>true</b>, if the item can be resized; otherwise, <b>false</b>.
</value>


        </member>
        <member name="P:DevExpress.XtraDiagram.DiagramItem.CanRotate">
            <summary>
                <para>Gets or sets whether the item can be rotated in the Diagram Designer.
</para>
            </summary>
            <value><b>true</b>, if the item can be rotated; otherwise, <b>false</b>.
</value>


        </member>
        <member name="P:DevExpress.XtraDiagram.DiagramItem.CanSelect">
            <summary>
                <para>Gets or sets whether the current item can be selected on the diagram canvas.
</para>
            </summary>
            <value><b>true</b>, if item selection is enabled; otherwise, <b>false</b>.
</value>


        </member>
        <member name="P:DevExpress.XtraDiagram.DiagramItem.CanSnapToOtherItems">
            <summary>
                <para>Gets or sets whether the item can snap to alignment guides (snap lines) of other items during item movement and resizing operations in the Diagram Designer.
</para>
            </summary>
            <value><b>true</b>, if the item takes into account the snap lines of other items; otherwise, <b>false</b>.

</value>


        </member>
        <member name="P:DevExpress.XtraDiagram.DiagramItem.CanSnapToThisItem">
            <summary>
                <para>Gets or sets whether other items can snap to the alignment guides (snap lines) of the current item during movement and resizing operations in the Diagram Designer.

</para>
            </summary>
            <value><b>true</b>, if other items take into account the snap lines of the current item; otherwise, <b>false</b>.

</value>


        </member>
        <member name="P:DevExpress.XtraDiagram.DiagramItem.ConnectionPoints">
            <summary>
                <para>Specifies the list of points on the perimeter of a shape at which connectors can terminate.
</para>
            </summary>
            <value>A list of points on the perimeter of a shape at which connectors can terminate.
</value>


        </member>
        <member name="P:DevExpress.XtraDiagram.DiagramItem.CustomStyleId">
            <summary>
                <para>This member supports the internal infrastructure, and is not intended to be used directly from your code.
</para>
            </summary>
            <value> 
</value>


        </member>
        <member name="P:DevExpress.XtraDiagram.DiagramItem.ForegroundId">
            <summary>
                <para>This member supports the internal infrastructure, and is not intended to be used directly from your code.
</para>
            </summary>
            <value> 
</value>


        </member>
        <member name="P:DevExpress.XtraDiagram.DiagramItem.Height">
            <summary>
                <para>Gets or sets the item height.
</para>
            </summary>
            <value>A <see cref="T:System.Single"/> value, specifying the item height.
</value>


        </member>
        <member name="P:DevExpress.XtraDiagram.DiagramItem.IsDisposed">
            <summary>
                <para> </para>
            </summary>
            <value> </value>


        </member>
        <member name="P:DevExpress.XtraDiagram.DiagramItem.IsSelected">
            <summary>
                <para>Gets whether the current item is selected.
</para>
            </summary>
            <value><b>true</b>, if the current item is selected; otherwise, <b>false</b>.
</value>


        </member>
        <member name="P:DevExpress.XtraDiagram.DiagramItem.MinHeight">
            <summary>
                <para>Gets or sets the minimum item height.
</para>
            </summary>
            <value>A <see cref="T:System.Single"/> value, specifying the minimum item height.
</value>


        </member>
        <member name="P:DevExpress.XtraDiagram.DiagramItem.MinSize">
            <summary>
                <para> </para>
            </summary>
            <value> </value>


        </member>
        <member name="P:DevExpress.XtraDiagram.DiagramItem.MinWidth">
            <summary>
                <para>Gets or sets the minimum item width.
</para>
            </summary>
            <value>A <see cref="T:System.Single"/> value, specifying the minimum item width.
</value>


        </member>
        <member name="P:DevExpress.XtraDiagram.DiagramItem.Owner">
            <summary>
                <para> </para>
            </summary>
            <value> </value>


        </member>
        <member name="P:DevExpress.XtraDiagram.DiagramItem.Padding">
            <summary>
                <para> </para>
            </summary>
            <value> </value>


        </member>
        <member name="P:DevExpress.XtraDiagram.DiagramItem.Position">
            <summary>
                <para>Gets or sets the coordinates of the item's upper left corner.
</para>
            </summary>
            <value>The coordinates of the item's upper left corner.
</value>


        </member>
        <member name="P:DevExpress.XtraDiagram.DiagramItem.SelectionLayer">
            <summary>
                <para>This member supports the internal infrastructure, and is not intended to be used directly from your code.
</para>
            </summary>
            <value> 
</value>


        </member>
        <member name="P:DevExpress.XtraDiagram.DiagramItem.Size">
            <summary>
                <para> </para>
            </summary>
            <value> </value>


        </member>
        <member name="P:DevExpress.XtraDiagram.DiagramItem.StrokeId">
            <summary>
                <para>This member supports the internal infrastructure, and is not intended to be used directly from your code.
</para>
            </summary>
            <value> 
</value>


        </member>
        <member name="P:DevExpress.XtraDiagram.DiagramItem.TabStop">
            <summary>
                <para>Gets or sets whether the current item can be navigated to during item navigation using the TAB key.
</para>
            </summary>
            <value><b>true</b>, if the current item can be navigated to during item navigation using the TAB key; otherwise, <b>false</b>.
</value>


        </member>
        <member name="P:DevExpress.XtraDiagram.DiagramItem.Tag">
            <summary>
                <para> </para>
            </summary>
            <value> </value>


        </member>
        <member name="P:DevExpress.XtraDiagram.DiagramItem.ThemeStyleId">
            <summary>
                <para> </para>
            </summary>
            <value> </value>


        </member>
        <member name="P:DevExpress.XtraDiagram.DiagramItem.Weight">
            <summary>
                <para> </para>
            </summary>
            <value> </value>


        </member>
        <member name="P:DevExpress.XtraDiagram.DiagramItem.Width">
            <summary>
                <para>Gets or sets the item width.
</para>
            </summary>
            <value>A <see cref="T:System.Single"/> value, specifying the item width.
</value>


        </member>
        <member name="P:DevExpress.XtraDiagram.DiagramItem.X">
            <summary>
                <para>Returns the horizontal coordinate of the item's upper left corner.
</para>
            </summary>
            <value>A <see cref="T:System.Single"/> value, specifying the horizontal coordinate of the item's upper left corner.
</value>


        </member>
        <member name="P:DevExpress.XtraDiagram.DiagramItem.Y">
            <summary>
                <para>Returns the vertical coordinate of the item's upper left corner.
</para>
            </summary>
            <value>A <see cref="T:System.Single"/> value, specifying the vertical coordinate of the item's upper left corner.
</value>


        </member>
        <member name="T:DevExpress.XtraDiagram.DiagramItemCollection">

            <summary>
                <para>A collection of <see cref="T:DevExpress.XtraDiagram.DiagramItem"/> objects.
</para>
            </summary>

        </member>
        <member name="M:DevExpress.XtraDiagram.DiagramItemCollection.AddRange(DevExpress.XtraDiagram.DiagramItem[])">
            <summary>
                <para>Adds an array of items to the collection.
</para>
            </summary>
            <param name="items">
		A comma-separated list of items or an array of items.

            </param>


        </member>
        <member name="M:DevExpress.XtraDiagram.DiagramItemCollection.BeginUpdate">
            <summary>
                <para>Locks the DiagramItemCollection by preventing change notifications from being fired, preventing visual updates until the <b>EndUpdate</b> method is called.


</para>
            </summary>


        </member>
        <member name="M:DevExpress.XtraDiagram.DiagramItemCollection.EndUpdate">
            <summary>
                <para>Unlocks the DiagramItemCollection object after a call to the <b>BeginUpdate</b> method and causes an immediate visual update.


</para>
            </summary>


        </member>
        <member name="E:DevExpress.XtraDiagram.DiagramItemCollection.ListChanged">
            <summary>
                <para>Fires when the collection changes.
</para>
            </summary>


        </member>
    </members>
</doc>
